,Customer ID,Age,Gender,Annual Income,Spending Score
0,d410ea53-6661-42a9-ad3a-f554b05fd2a7,30,Male,151479,89
1,1770b26f-493f-46b6-837f-4237fb5a314e,58,Female,185088,95
2,e81aa8eb-1767-4b77-87ce-1620dc732c5e,62,Female,70912,76
3,9795712a-ad19-47bf-8886-4f997d6046e3,23,Male,55460,57
4,64139426-2226-4cd6-bf09-91bce4b4db5e,24,Male,153752,76
5,7e211337-e92f-4140-8231-5c9ac7a2aa12,42,Male,158335,40
6,30661d57-eeb5-4886-970a-9c7d0f260ad8,27,Female,163501,37
7,43417ade-6b17-431e-ae76-d8ed26aa46ac,24,Male,70476,17
8,86f73b1a-6a91-4d7e-ad21-0aefcf6111cc,83,Male,47743,34
9,b20fe0a0-e254-4116-b804-5403bb2f59ea,62,Female,63448,3
10,49ba3e9d-a590-4303-b443-e794d0364c11,37,Male,170566,75
11,4be5f5b0-83f6-4bd2-9056-18a8d5414066,63,Female,89355,80
12,eb0e4ebc-fcc1-424f-b083-81987583ecc6,25,Male,87576,17
13,caa4ad5a-51b2-4af1-91cb-e2802f620239,32,Female,159892,96
14,0c9d0e0d-a601-488c-9f3f-f036f2bdb536,51,Female,135079,87
15,dc35a079-c3db-44f4-8612-d0af9daea414,64,Female,32869,81
16,b43f995c-c9ab-4c58-8f71-949de233ac71,19,Male,198682,82
17,51d7be3e-84c9-464a-85e8-0a95b568d90e,89,Male,38708,97
18,8bbbdbbe-7f8a-4c9c-afed-f6969f49e9ac,65,Male,87270,3
19,baa61fc0-4a1f-4210-916b-669d1ec44dbd,26,Male,45518,12
20,05948202-e483-482a-9c02-6a655498002b,21,Male,199879,49
21,6d6d557d-41c3-4992-9ef3-f7d113c78649,70,Male,163828,36
22,dd6223b5-5aae-468b-b936-618b513d4e70,24,Male,109188,6
23,9c702610-d6ce-48fe-9857-9e295e161ceb,39,Female,48212,36
24,1fd446a8-109c-4314-92a2-a1e731923744,61,Male,141596,45
25,65348b4f-9170-4edc-b035-cc484416face,19,Female,192492,57
26,c2fd4929-fc3e-423a-8dd9-1fb239ef4de6,79,Male,109550,7
27,eb6d1dfc-5b3a-4ade-8521-71db4659ad13,61,Female,38132,15
28,896aef6f-4dc1-4b4a-8805-68ced6971458,73,Female,170959,55
29,5963ff82-b2de-453f-bffe-4fed059e18ae,58,Male,80731,23
30,e8db83f2-90bf-410e-bd1a-7c9ee14ca32b,90,Female,123085,25
31,59052529-9a68-4936-93db-43cc1d541e84,39,Female,135748,95
32,767f9ffd-7211-4045-a1d0-f700220928dc,35,Female,71372,52
33,ace9492b-bf39-47eb-8f28-6f85b9cc8973,79,Male,164259,96
34,cfe0eb40-4892-47fd-ac84-29dbd15f7bd4,57,Female,105742,7
35,c5e56dd8-5a20-4bd9-bbc0-97c380553084,76,Male,189412,87
36,96892d38-cadf-4409-83d8-1b7a3b37b05a,40,Male,64309,62
37,068b3da4-216a-4157-9474-929a1a10cb6d,82,Female,84966,66
38,daf07560-6a2e-47af-9c4b-66a63b93ac34,84,Female,35701,5
39,b818a1f8-fdff-41a3-b1ca-de3faee17f81,56,Female,43376,52
40,ea4a4765-11a6-433e-8016-110bc0bc5ed5,21,Female,118137,43
41,d5e8bfcc-51e1-44b2-a59d-9174d10efb97,55,Male,77165,86
42,d29643f1-551e-4353-a560-cf4e6797e003,24,Male,119922,80
43,3e260c72-5788-4641-8dad-9cc7a4eaafef,45,Male,82425,39
44,f67d66e3-9403-4d69-aee7-4a75c2a92e4d,28,Male,149778,15
45,7c3297d0-408b-4e5e-9c4c-abc9816af35a,67,Female,129484,80
46,01552f1a-7600-4641-bed4-8e255b8c61d3,69,Female,73479,77
47,a6fac89e-e7a4-482d-9bb6-d32cd2abc346,26,Female,81259,29
48,b6e3dfc4-1a49-4424-a0d9-d0f796002933,45,Male,147126,1
49,10a2a14c-cebf-410d-81dc-c333101b5e6e,39,Female,44774,12
50,8e6a7fa3-bf7d-47dd-9e50-e3e7133fc39c,27,Female,198647,25
51,68969a5d-975c-4a8a-a357-1ce87ab24459,58,Female,85181,16
52,92390e01-1df1-4643-b044-546283ae7773,46,Male,87741,3
53,7cb46cd5-4ba6-4177-9d34-ceda14ed832e,45,Female,137494,68
54,579b69ca-a392-45fa-9c5a-25284b10720c,63,Female,56531,2
55,38cb6a10-0af1-4505-b3df-0f8ff3a4e4d3,36,Male,63564,23
56,04c9da15-a924-4beb-bcb3-3f2e3f6fcee5,25,Female,198265,29
57,acb1f373-6d7c-46d8-8d72-7e5bf1ee9921,62,Male,22655,39
58,9a359e4f-973c-4f8a-91dd-eb930fddedc8,36,Male,125614,35
59,0a9ca7d8-91f4-4189-a959-e8d5fde13881,48,Female,170509,54
60,3df8f77f-b527-4f3b-a2cf-b163ff5965d9,50,Female,101081,32
61,accc810b-e7e1-44dc-80bd-98e82bef02d1,48,Female,45667,95
62,cb05e681-1286-4f97-8e7d-2c9b67778936,49,Female,189732,2
63,7a9d06b3-26cd-4b0c-aba5-3bb0d0b93c2a,80,Female,30718,49
64,c6ee3f30-4f9a-4125-8ba4-c6234e046dfb,33,Female,134933,90
65,4d4ce6bb-da34-4f9c-8f1b-4c05bfe5fcaf,21,Male,55978,34
66,97673bb1-e729-47b7-baad-905d6265d941,38,Female,36650,91
67,e426ab28-977d-4660-95ab-2b387d478cc0,83,Female,173558,53
68,085e5698-1f05-46dc-b758-61a28ef4dac3,54,Female,29187,61
69,7897bafe-61af-4fdb-b71e-adc2127aadf8,81,Female,188612,45
70,bd38959a-71ba-4d38-8a52-3c23ffcf5cdd,44,Male,101492,55
71,d240e1a0-b50c-4bbe-8387-3c6082d42f20,23,Male,169008,31
72,7d14cebc-4aed-430e-ae8a-6415fde6e4e6,39,Female,145660,81
73,32cc9d1d-1db3-40f2-9a29-06f8b37d0463,75,Female,118063,35
74,4729da16-d88d-4476-949d-404f5f54adb3,19,Female,95891,93
75,80d67524-2ba0-468a-afaa-5cbfaa28a8a2,24,Male,154402,79
76,2ddd5825-e37e-48bd-af2d-5e31c9955021,44,Female,112848,14
77,2260c459-3b7c-443c-a31d-088405b7f09c,55,Female,127451,31
78,52c8dde3-1956-411a-a010-c879dadab6fb,60,Male,98827,27
79,3a626479-8b72-4500-a12d-97bb7d76e0e6,33,Male,67969,27
80,601dddb0-0511-48c1-8e91-0dde69040557,52,Female,60785,9
81,50bbe6c3-4d3a-49ae-a529-4b94492fbe8b,72,Female,66416,53
82,4679dd26-2bc4-4874-8d90-a262b803daed,72,Male,152544,59
83,767bc943-ceae-4dd2-bad9-3fd9c89d7db0,72,Female,35507,72
84,72292647-1690-41d9-a387-4b21980006fc,68,Male,167873,24
85,d949c615-603e-4342-9d11-8fe87ee9c88b,65,Male,23002,32
86,af160348-4b39-4b4e-984c-8c078e995f5d,81,Female,111464,34
87,9e5e3cf5-07c0-435d-b0f3-fbe03cf91807,64,Female,120469,20
88,65db8631-0f2b-4e2c-ad67-be996981bcbf,76,Male,85934,48
89,385017d0-a567-45ce-8528-28c8b8804112,30,Female,99419,4
90,71a58421-e129-420e-85cf-9292c4d2f309,68,Female,194339,35
91,4f8704b7-eec8-4298-8db8-647c635bd27c,70,Male,187033,14
92,65f74905-788e-4b8e-b2ba-70b6ab52fea1,57,Male,164879,9
93,8050f9eb-d0a0-4389-8081-65ae272944b4,90,Female,34276,98
94,835b35a2-e838-401a-86fe-85c3c181bbb6,65,Male,97470,67
95,b75fb976-3c52-4fd2-9a94-3a2d85d70a82,36,Female,142836,40
96,690e0568-49a9-475f-aa19-567b98f977bc,72,Female,62084,59
97,f4021ca8-b350-4d8b-9293-b2cf386bc0cd,61,Male,166752,93
98,c66bcf0c-db9a-4201-8b7d-5c445e585b1d,46,Male,43269,54
99,f620a5e6-ee46-4404-9d96-603bbd1fc6e6,68,Male,114111,42
100,0ced3471-db47-4b19-9723-e8333b091f98,31,Female,75683,65
101,b72a56cb-3430-4f05-9f46-6e0a2947bad4,51,Male,196283,31
102,35ec8343-eb43-4faa-af75-7a731381d1ee,37,Female,132793,22
103,e9798111-9781-437a-a9b9-232fe9055216,25,Male,141598,63
104,3e51e22e-e3ae-42dd-a4f9-d771c07676ab,30,Male,195148,27
105,716588b1-f862-4c02-a2cf-115cd43f654c,21,Female,175112,33
106,33577556-d045-41a0-9565-7f0f37a39727,65,Male,81473,10
107,d41eea9a-569d-42fb-94b1-d4551204c936,21,Male,172147,80
108,90b18bf2-2413-4212-8934-e67ffc233192,22,Female,106474,74
109,8ec74f4e-2836-4605-bf4e-0be43ad7976f,70,Female,198254,13
110,101fd379-ff5c-4ec0-8cba-f8a9fc0f42de,71,Male,148746,13
111,5ddc5df7-2656-4cc8-a95e-a0618d7cb8e6,27,Female,40263,77
112,3d95829f-3d62-4ee6-a67f-d6efe7029686,21,Female,115816,55
113,36fd3a7f-6226-4d3b-baf5-e39833d9782b,53,Male,149880,32
114,15ce7dc4-22bf-40cc-b575-9ec4fbe27dd9,51,Female,88029,84
115,f17d239d-6a67-4b77-9fd3-5377ea88c142,49,Female,193839,43
116,958eaa2c-0c0b-46fd-a085-b29ce9d5d8e6,56,Female,54564,18
117,81dfd08e-32f2-40a4-95b4-a406726d0dd4,55,Male,134714,96
118,83c5dafc-dd2f-4622-9748-23aefb000a38,84,Male,187596,44
119,a81643c1-eaf7-4b97-9952-f6cc0881f37c,38,Male,129717,71
120,85a5ff51-fe9e-4518-9fb2-11b86df7d52e,46,Female,48265,62
121,26852b46-dbfa-46f9-8d06-1b568551868e,27,Male,179234,97
122,af9762ae-ed8e-4aa0-b32c-922d500b4cf1,53,Female,156298,35
123,2cb233a0-5916-49e0-800d-01869340347d,65,Male,156022,49
124,2bcc1223-2182-4117-ba07-1e3aa9d9b4bd,22,Male,158363,83
125,6abe4dbc-1b70-4a8f-b0b1-7d1bff27fc65,23,Female,114512,25
126,0947cfd7-72d1-456a-8524-947bf653fa57,18,Female,96397,64
127,ee9dbbc6-b790-4c28-a8b3-07272787b57d,44,Female,171517,76
128,90f1ac1f-07e1-4817-bfde-7e5f23f3e17e,38,Female,181538,68
129,ea1cdcc7-425d-4679-83b5-25b8332b5e6a,54,Male,47403,42
130,a04d4663-eb9d-4fae-bab1-2549c7e02be9,88,Female,167725,51
131,ee835638-95d5-4dd0-a912-227ec001ef06,24,Female,185297,95
132,075acc31-0041-4ea2-8917-13a924da66e7,70,Male,160196,34
133,d13d7964-0d0d-4be0-bb64-6f213f921579,42,Female,117940,82
134,2b971aba-879b-431a-8c60-df636ad45731,74,Male,190938,65
135,333c0b32-e155-4d2a-abc5-041ec4d25a9c,22,Female,138220,20
136,3874580e-e7bd-4e60-bb68-c5110a04bd8c,78,Male,94764,75
137,9dfe38e0-581d-458f-bbd3-7b2d98865728,44,Female,83991,1
138,ad19c628-fe46-4ba6-9182-ad6278513ec6,70,Male,82642,56
139,e010b10d-8ed9-41af-bd30-05de2c0c6fe4,58,Female,123333,91
140,dd8ea81b-09a8-434f-a9cb-b0c4baf6f248,38,Male,70435,24
141,5f64caae-cb02-41a9-a648-273e0ed6d7fd,88,Male,189093,50
142,1ecc4ca8-45f0-459e-a911-dae3227d2b0f,33,Female,177848,29
143,f50f86f2-79c0-45bd-9759-ff8154a7ccc3,59,Female,96744,97
144,65f4810e-a2c3-4b7c-ab9e-00e6a91ff435,72,Female,83218,32
145,052a6b92-7855-45d9-8903-5c9d69d6903b,27,Male,39027,29
146,40f78c97-8537-4b3f-87d8-796bcbced99f,35,Female,139195,33
147,c225df9d-d2fc-4e1d-8328-894dac5471e1,37,Female,144020,45
148,d93d2a18-c9e8-42ed-a97c-84912b1b0efd,44,Female,186527,6
149,4884ace5-bbb8-4502-96e0-be564083da60,29,Male,48177,53
150,60fddc74-977b-4d01-8805-9e859748fdc3,58,Female,139447,35
151,fc971eb9-f7bf-46cd-9e83-6d1637d15ccb,39,Female,119071,3
152,e7d7ac8f-87c4-444c-9118-04d957987b53,33,Male,181795,1
153,7b60bfe9-99d7-4355-94fc-0a424055eb05,65,Female,150797,44
154,b8858575-b5d6-4f66-8293-7521077f6d92,52,Female,76398,31
155,0729ee7a-444f-4c2e-9889-fb725930eb84,45,Female,58209,64
156,1c8da0fc-e147-4a54-8ae7-b1bdeb6af340,82,Male,122425,46
157,fcbc528b-9386-41fb-a974-19a9643c7580,59,Female,46020,78
158,1f4fb2c0-d8ae-4d1c-90ff-95a8e3dae34d,34,Female,61463,72
159,30a4fcce-b05f-4988-9d5e-0d580e9028d6,52,Male,29917,3
160,dd714097-4205-4096-b6f8-d9822acd3c04,59,Male,194285,47
161,f13a0cc5-6fb9-4882-aef3-9ccfa421b185,45,Female,96402,43
162,edba12eb-e908-42c4-81c7-b6770912c7fd,29,Male,146297,82
163,9526a9bd-1ea4-4aad-b4a7-adfc5775bf7a,83,Male,148435,71
164,a0ab2029-178e-4eed-a816-277dd64035fa,26,Male,111030,96
165,b5c458ec-1d54-465a-b97b-a149d7f32106,79,Male,27136,48
166,46654e16-4363-43d7-b3a5-54120a7b27a2,49,Male,197608,33
167,61ebc7d9-15c5-41eb-adfb-9b772d36cbd4,19,Female,55184,32
168,df11c432-c609-49b4-98d6-855eab890208,48,Female,92981,70
169,0516205d-d816-4d8f-ab9b-d41f1a560e1c,22,Male,40540,40
170,6557b342-6b66-4645-942f-b13f33f67e64,54,Male,88161,40
171,84140ddb-54f1-4b31-b51d-4aecb10b7ac7,83,Male,165910,52
172,4fcb4b02-1609-41e0-b9e3-c9468853e577,60,Male,167341,34
173,b7b6c61d-d600-4a63-89d4-157f2012c68e,78,Female,90847,77
174,f5712da2-092b-4f52-aed2-bb93b9fee5ab,33,Female,35619,73
175,f9437183-0091-4f94-b9d5-5a97779b7e70,27,Female,41176,50
176,64883a2d-bb3a-4a30-bb76-47f28ad095de,33,Female,120389,51
177,78883927-b348-4c79-932a-074dbf6af0f8,55,Male,74456,13
178,2a5cdb1a-3f0a-4b5a-a33d-d0d81f7661a9,46,Female,181085,64
179,dc9ca753-aa31-4708-85c5-fa1da4a046d0,87,Female,46613,76
180,d49f5b80-4d55-4e37-889b-c7933c3ac0a5,79,Male,83333,73
181,69fae815-5e3e-46de-8e87-4adf49ab06fa,19,Female,165788,44
182,587c0ede-8f38-48df-8df8-bcf74df93862,22,Female,99687,51
183,bc695e38-c5a0-46bd-bc6d-818403c82949,31,Male,83755,8
184,660979ed-b318-4234-9b06-779097557930,84,Male,155012,80
185,7eab5cb6-b411-4003-9993-06061f62b7b0,27,Male,56250,100
186,e5647be0-0575-4fb6-8b1d-13b06203bd70,20,Male,111933,39
187,d4406fb9-a8c7-45f5-ac3d-85d9001719b4,36,Male,191350,99
188,3d83a678-36cb-4cd2-8768-da1634cd1fb3,77,Female,94946,92
189,25cff4ef-5d2a-4fe5-98ee-7ddbd8c0203b,67,Female,63064,26
190,d54d2196-da54-4eab-8ef0-0db3e9cdab3f,26,Male,82707,4
191,3f116bae-d95f-4018-9585-f575dc693e71,34,Female,135368,27
192,d7896112-ac06-4c31-90ff-479f168d9ac3,40,Male,44192,70
193,6d4c5a7b-cc6d-4fc2-af14-2cc50e842f20,41,Male,32923,95
194,6c2dbd85-8fab-489b-b91e-6f148f53bbd7,57,Male,100359,18
195,cf345cd7-8b4a-45c3-b391-1ff46ec6e2d5,35,Female,28555,18
196,7af6d0a2-e4c2-4302-8158-796dfdfa44eb,85,Female,142048,11
197,d9d6674e-8eba-4144-b010-5dc49f7b5da1,63,Female,111526,91
198,461ab175-47b2-4231-a028-1d69a212bdea,35,Male,33041,15
199,54078f11-3d3b-4968-9454-50e676d473c4,77,Male,157332,57
200,f78d1f58-e72e-42c4-ab4b-056bb0830791,25,Male,71927,39
201,790ce395-417a-4943-a8ae-ce90da71ab39,28,Male,194371,19
202,7f8da330-ce44-4a67-82e8-a39fd77d57ca,31,Male,85563,28
203,48ad970f-c5ad-4018-bf63-4901259b7b5b,85,Female,130091,37
204,43137482-a07e-467c-9bad-d892e85677b2,90,Male,42161,94
205,4e6f9bfb-77c5-4a14-95c0-497f123477a8,28,Male,159617,71
206,df390aac-71a8-45bb-b664-62f451a4e17e,70,Male,46295,54
207,2e3dc035-dc1a-4f71-915d-632f29333996,46,Male,74147,48
208,08d38acb-157f-450d-962a-0bf7fa70819a,71,Male,190491,75
209,5a6238a5-053e-4480-ac75-37a6874af50f,81,Female,124912,24
210,574ccc4a-f0a1-4f46-986e-257dbb8be849,35,Male,84210,53
211,5ee59227-16af-4127-a51d-8981576f48ab,37,Male,134784,6
212,5de60d87-18b1-4886-993a-966b6e185657,71,Male,185966,6
213,16226691-d6ba-4b9e-b192-e96299023f4e,50,Male,140875,83
214,ce99e2e8-23fc-49ba-9e2b-a6f26706718e,65,Male,177020,100
215,cfe84106-02eb-4f9f-b161-789528948f7a,83,Male,151188,88
216,2af8b09c-99e5-4f97-b538-cd687a385120,39,Female,33191,2
217,21c59500-d439-4bd9-84f6-06b8767ac948,32,Female,163264,64
218,5cda82c4-cf88-4949-a8b2-0412fdc67680,26,Male,40345,23
219,9db67b3e-286c-4fdd-8a94-53f5a0968f86,24,Male,184070,21
220,1e506e9c-75b3-461d-b7b1-b149e9a21511,65,Female,44776,36
221,5cc59727-7005-46f6-928a-1764d0f6032d,36,Female,119502,52
222,6fc3660d-23f5-4a54-a8df-e146387a73f2,41,Female,113729,54
223,493bf3e8-4f51-4842-823f-a2d668293c11,83,Female,194008,55
224,175f200e-4faa-4287-96d5-71a85f4884e1,61,Female,60084,36
225,37ff2828-b196-493e-abe5-885e907f3b7f,84,Female,144269,1
226,94b3153f-cc9d-4a55-8a2e-742a6555c537,33,Female,109638,49
227,fe2f4101-90dc-4df1-b9dd-14d553d1e389,89,Female,88161,50
228,644db267-9082-4c42-b02d-fad5bf30d735,35,Female,182663,68
229,5bd39ccd-30fc-4598-818a-770632bb7729,89,Female,91139,59
230,29ca88b2-fc25-4417-93f4-823d9d8ac2dc,40,Male,180570,23
231,8640e224-9096-4a13-a32e-662b3d1504c1,69,Female,57994,35
232,2f971837-3a6e-4928-8a41-d0d8b4b87af8,88,Female,172761,69
233,0dbead2b-6caa-4e05-b2de-e5f81b373a4a,34,Female,38774,84
234,1a1b53ef-065d-4333-930a-760ee0908394,88,Male,80079,9
235,4afae204-64df-458a-970e-9fb503bd5b00,61,Female,23888,59
236,4e3f3a44-cfcf-4c9c-b93d-9b00d654880d,60,Female,189867,98
237,9033d3aa-ff53-4145-b47a-750c07f58dee,78,Female,23342,91
238,b35f3089-a257-45eb-ae52-c78e2c266374,35,Female,76836,29
239,206ad996-8643-4336-a3f1-6891e7cd470d,53,Male,170065,28
240,880df93e-6bc1-42bd-bd6a-e2b8d499b710,33,Male,99420,64
241,a2c7ef2d-cecc-4a3f-b2ac-6ebf6595ad62,86,Male,174987,71
242,896b6076-0e1c-40d4-aab7-336a4592610c,90,Female,117976,85
243,2392d7fa-9489-42aa-b50b-36f66ee9b423,84,Male,74475,54
244,2f4cb703-e5c1-48f3-9a89-3615b31e20f1,54,Female,103099,49
245,bb047494-340f-4cb0-b88f-e4c8148eb2ae,20,Male,188784,21
246,7235955d-eca0-4fd9-861a-7042691e3d5e,86,Female,28187,37
247,836d7eca-db4b-4c3c-8d6a-a771b070551a,73,Female,145465,54
248,45d9a060-39e1-4b67-8189-8dbba0d91767,35,Female,120472,94
249,d11ba8ac-69f6-4fb2-bc56-abb52d4966fc,88,Female,37300,4
250,ad5f7b6f-aef3-4867-87e1-f862a6519ce3,54,Female,113062,65
251,12da3593-4e95-4272-9553-1fc6e36e47cc,19,Male,150107,61
252,7c10963a-9c61-4f57-b314-e147b63d70e8,84,Male,22452,48
253,a2257473-45d0-42f6-9207-cbdcfb76515a,60,Female,42834,32
254,ea98c611-5bb3-4855-b79e-04be0cd0f179,39,Female,81494,66
255,80149259-8ffe-43f2-9016-ad52dc3e5443,85,Female,59981,38
256,113e23b5-5cae-4357-8b9d-776c81842ae6,60,Female,91707,89
257,24c83f90-919a-4b1d-9a89-d9a09b167951,85,Male,31207,51
258,31b0ef92-f4dc-4bfd-bb88-fc8ba17d15b3,82,Female,160112,44
259,d44d49f5-41d5-4588-b27f-0fed752e5a8e,44,Male,199826,4
260,a51e2948-955c-4f67-9a32-a22dd3e3798f,48,Male,124952,1
261,29b970a5-f3b9-4adc-a32c-4e6c47292284,21,Female,42522,48
262,42661bdc-2936-4e2c-827c-44abf525d1ed,87,Male,54581,94
263,45d48162-ec3e-49aa-a8fb-bd41df8f113b,41,Male,68045,37
264,705ace34-543a-4cdb-956b-c06f6eb33a4d,52,Female,141101,30
265,a465c323-1e47-44d1-a869-a105745034b2,76,Female,74629,27
266,9c3be039-ea90-42a6-87c5-7175356cf8aa,72,Female,70373,4
267,bf9aa1fc-9517-4cd5-8f27-ff4978267df4,67,Male,22820,19
268,5e562023-f971-41bf-a7e3-a82bf894155b,32,Female,83620,77
269,82737042-63a8-49f4-b8d9-338cfef4dd03,71,Female,96598,33
270,b14041ef-0432-438e-8737-e30c31b391af,38,Male,55259,53
271,b9b58bf2-a4ca-4254-b61e-1db5d7adc35b,57,Female,26527,59
272,7f57a91c-2edc-4f2c-ad13-835eeab36336,80,Male,152277,50
273,a2510f77-4414-4a52-9632-3e6ecd05165b,60,Male,150622,51
274,4cb3f773-9193-401a-b091-4f4eccc0d7c2,53,Male,177668,26
275,6614b886-287a-4a0e-b48c-82d49f977d97,84,Female,138972,90
276,08568a01-b6c5-47b7-a64b-81822fc84c88,26,Male,52463,75
277,8f9a7106-5e73-4627-98af-f49939ed8b15,34,Female,139068,63
278,ce649a2a-76c4-49c2-bb2a-6c1c5d475264,67,Female,193657,23
279,b487d49f-6321-4873-9b5a-4fa413f01e0f,31,Female,154450,38
280,3cc5c19d-687c-4698-be67-dd74ebd83432,81,Female,116964,89
281,ad11524c-2b5b-450f-bfeb-8937c257649a,67,Male,122895,41
282,2f092cee-3d08-489f-921e-1dfaa81ba6b8,32,Female,176367,2
283,c17d862a-d452-483e-98db-abebf2a59c4d,32,Female,118656,21
284,1e92ab44-1bba-41fc-a777-d52c72924ed2,81,Male,68370,93
285,7ac29936-0673-49c8-b7d5-b760ca75cee0,77,Male,105926,7
286,746683ed-cdeb-427b-89ad-5c61f76e5b44,27,Female,124703,17
287,5ace7e9f-f02d-4c07-b0cc-ba3ff524565d,59,Female,147027,49
288,8149aac3-bc36-438a-ab77-4a7b6583633f,37,Female,110855,1
289,20e9a636-f643-4017-8a0d-3ce805d7b7c1,47,Male,70702,66
290,86cc129e-2e37-4d6f-886d-76030c177dfe,28,Male,82523,10
291,e98c5f4a-b9a8-45bd-8482-44fbc183dc1b,63,Male,42330,88
292,da000695-9784-4a92-af48-5d689ee890e9,18,Male,178560,90
293,39a12692-e72f-4a0f-bd56-7cb781f7b6d7,55,Male,129907,39
294,3b514d1a-485b-4fce-83bd-b9a58dceb229,46,Female,134580,1
295,a42124cc-e365-4043-a41f-213589b4e7be,72,Female,107376,38
296,a3dd05ac-dd9c-401e-9831-f831c85c67e8,78,Female,125187,95
297,9d9766aa-f74f-40dc-8f57-8725faea0047,62,Male,186372,61
298,c60bd59f-b270-4f04-aa4c-89ee267dba18,60,Female,127462,31
299,9807af68-f1f5-4a80-94ff-aacafee303dd,76,Female,74630,37
300,da1e6e16-b189-46cc-ba61-91f6ee561561,32,Male,95027,5
301,d4d2ae0f-ed77-46e1-8647-21bdce205458,77,Female,126515,52
302,1b8ce4c9-6432-40c5-8ced-0e788b54d930,56,Male,166446,89
303,98b624bf-578f-4bf0-ab23-16a1e052919a,64,Male,158708,2
304,a3b537d5-a1ac-4d91-814d-2a7fec102c81,67,Female,120643,87
305,5b5ce678-7380-4394-9026-2de0f63d5968,52,Male,57458,35
306,9afc5697-6b05-44ce-b69c-a9c72a475173,58,Female,29260,83
307,bd02bf04-5336-4472-8b51-195741474110,50,Male,190730,46
308,fe29db65-654a-4b03-9ded-647b04b23e31,54,Female,184263,13
309,01dd3ddf-f994-4b83-81a5-67fff8ea7c0f,23,Male,142365,37
310,864add3b-a2df-41ae-8ecf-3df893ff3820,59,Male,193543,47
311,67daafbe-c602-46ef-b49c-7d09fa737824,22,Female,129465,92
312,0676e9d4-fa17-4af6-aae4-eaf61853e288,77,Male,65179,75
313,9e2d5902-4743-49f8-a999-80179e122ef5,53,Male,30343,26
314,bdec8ee7-d49b-4dcd-9312-23e4c7acb6ab,46,Female,38876,73
315,13b200fb-a8b3-4861-bc81-93ac906b37fd,57,Male,135290,39
316,e96f6f63-f71a-4f4c-8125-e53652a1b58d,76,Female,189305,39
317,223c155d-0063-4892-81a1-6aee11bf3fb7,34,Male,151112,35
318,90d41402-9e50-4d94-9246-af60acb95a43,89,Male,66323,86
319,9170cf78-906a-4425-a8c0-8c9a6daa9274,34,Female,174069,15
320,ceb6a4b1-925b-4040-a8bd-51c46be91270,64,Male,76655,16
321,b0770f6c-a81a-42e3-b2d9-042406b6b39a,24,Male,143372,25
322,e56ba8a7-3424-4934-840f-ba04aa52cc7f,55,Female,111764,18
323,bd90e06c-db1c-46e1-b016-1acaea80ba60,84,Male,142286,39
324,b41d027d-48c8-4d1a-8de3-0e3a57b4e818,72,Female,148326,95
325,052c0bb0-b259-4fac-b090-66822627962f,53,Female,101061,61
326,ad8f1ca2-54b0-4070-a333-2fd5bf63c578,85,Male,161924,26
327,bd644298-e43d-475f-98f6-67b03dc136a4,85,Female,173245,84
328,be7031c3-7d61-4ff6-af8e-4a34db857585,45,Male,196725,19
329,13e2e441-4002-4f31-8e01-a563a52e0f1d,43,Female,20953,32
330,e57fdcaf-1394-46f9-9eb0-fb3ef7aa6fdb,86,Female,109022,29
331,1508894c-0fec-448d-b4fd-42995713fc5f,19,Female,129516,21
332,978f4588-019e-446a-90ad-5e8d166b0a73,45,Female,164003,51
333,cd5c4d4a-e09c-47b8-8a86-ad7bf33ffcdc,36,Female,27840,36
334,af312505-503a-4a21-b6ed-6f05935e3fae,51,Female,145171,71
335,d7a8d545-2907-46c8-84d7-fa841cf3f15c,38,Male,26427,39
336,232e7d0e-a8ac-484f-a7d9-977cdf8ad90a,27,Male,56203,32
337,58ac92aa-cfd0-4cad-8678-a4b83664f302,19,Male,82173,10
338,0399d445-cd05-4669-9fc1-c1e15d1dae0e,81,Male,54017,17
339,253c1e99-a1f2-4a08-abfd-23886f6fd829,72,Male,54956,2
340,961ce28c-1daf-4da0-80b8-2efd964311ec,78,Male,186007,97
341,f17fbb93-945a-4d78-b6d9-d5e74f766f9d,53,Male,160578,6
342,bb5c5d99-e2d3-4767-8d83-2c81a991a0c3,83,Female,178348,29
343,ae72e9c8-0e7c-487f-838c-6249adecaf9a,77,Female,169719,55
344,9ebb7634-543e-48e6-b54f-60a6f1e443da,54,Female,165825,98
345,3787f7ba-d2be-40b9-aecf-17eacd3dcb50,42,Male,193045,89
346,a0e67ffe-bdf9-4f19-9c1e-8b1fa3b1d509,70,Male,78287,3
347,5a70b81e-ce1c-4a1f-9261-189df19aad74,29,Female,118684,34
348,3b1f7add-30fb-4a26-860f-35ccd355a0de,88,Male,116405,39
349,6f33b4ee-3229-4142-ba94-7bfad1ca0148,37,Male,121849,4
350,5a1ea26f-eb79-45aa-9f7c-8de30082eae2,22,Female,143719,41
351,ccf68e64-dd0a-42c8-af5a-b9c63279585c,21,Female,101576,83
352,b9b12e25-242a-4348-98f2-573f986a933c,36,Female,26334,57
353,86020c4a-69f2-437a-b5a6-e6ac368e4637,50,Male,157555,17
354,a78e4455-ac5e-4661-a51b-08e7a98c21ab,53,Male,74738,55
355,a19318d0-9239-4cd2-aa2c-db80298d3a6e,70,Male,129521,31
356,2265a1ff-39a5-4a9d-b1a1-4ed26bfc4e96,38,Female,137145,59
357,a89bd9bc-80df-43cd-8304-aee824e2f8cb,58,Male,38318,60
358,3e8bb550-47cd-4528-8aa5-3b27ff02073e,48,Female,91467,69
359,6682df3d-1ef3-4e04-8937-4ab41077733b,51,Female,45879,15
360,26949bbb-adee-4a4a-b3cd-4058d5d3d261,27,Male,52391,41
361,1915a8a0-d820-4500-89f8-c07f1779c57c,33,Female,119850,56
362,75bd7ea9-ad1d-4890-90f5-4ea85288a6f4,76,Female,170078,6
363,c31c7f85-2eac-42de-8cf7-2cc98cb185b9,79,Male,117332,26
364,a61dbcfd-b5ac-4490-a6c2-08ef6cd332c9,52,Female,174466,55
365,60ffb19f-7110-47bc-993c-1739aeb1d231,85,Female,101361,96
366,14deeb50-9d65-427d-babd-137e86ccdb5f,18,Male,98304,58
367,1adee7ee-0f65-483f-959e-0a719b870400,41,Female,144752,78
368,c8864ef3-b849-4dec-9600-953a882fe63e,82,Female,24320,23
369,38520282-8c74-4bd1-b64b-ffb002dce3fb,54,Male,106714,20
370,470474a7-c418-46a8-a984-43abeb281407,22,Male,194907,76
371,09145ff5-8f35-462f-8efa-80ce480c734c,75,Male,85799,96
372,3751f31a-9dac-46ed-afbd-b99c326cd984,71,Male,63982,75
373,97e26698-f92c-4cc2-b2fe-09d7d46077ac,41,Female,87073,25
374,c33a5ab2-6085-438a-9d62-a70eafa8beba,90,Female,140436,10
375,39edec99-c6c9-4b6c-bf07-9ea2aa10eddd,21,Female,90740,56
376,8081a26b-3642-4230-830d-c904148c81d2,69,Male,174694,43
377,52b73425-892e-4595-8ca1-5a0c899eeca6,75,Female,71474,91
378,a98dae0c-b521-4d87-9d67-73e1f6874982,70,Male,56374,7
379,7150b9cd-53a8-490d-9654-64aa3333b7ee,40,Male,88459,95
380,65013305-e804-46ec-a7c7-e568dd71a6dd,23,Female,133914,44
381,d8ff5f28-7490-403c-8a40-469ce1c738e9,41,Female,182523,79
382,35ae6135-3d36-4c36-90de-5a7df63f6439,34,Male,183346,22
383,5ad09a15-5b72-4ed8-9e22-eafe4330774d,78,Female,136769,33
384,91bc4e41-7d65-4a22-9f29-a862563247a7,40,Male,20733,51
385,fab1d2ec-7db0-4d26-9f6c-a26659d20511,20,Female,41393,30
386,5d1ba1b5-899f-43be-bdd0-9d03c2ebc539,73,Male,36205,21
387,d9bd54d6-d652-4cbe-b39f-79292185c383,47,Female,65662,57
388,bf8c6ac0-85a0-4546-97b8-b8c80c7260d7,56,Male,97772,74
389,fc69ced1-ed6c-485b-be9d-8db4d4be9fa7,71,Female,197836,15
390,03643ade-854e-48f3-bab3-d961de3d6d7a,57,Female,54469,10
391,a05031f1-d780-4ff4-bbc2-73c14f1af48a,60,Female,124047,98
392,7091c54c-7dca-4eb1-87ac-ee5c42afb534,73,Male,81323,70
393,71f0eb99-7969-4c85-908b-454e7e32998f,82,Female,39391,26
394,0503efbf-1ecc-489d-bb04-0aa739aff1c0,48,Male,101082,26
395,83462fb8-6625-44ec-82dd-c54cc9304d2b,77,Female,109549,74
396,156f1fad-9015-430d-ba9e-6cfc9015de4a,59,Male,194924,40
397,bc2f737f-f1f2-4db9-ab4d-2097eafb1867,60,Male,178052,54
398,f6eb2491-0ac4-4822-84b7-896349f6ca46,23,Female,106726,22
399,4c33493f-20fd-4437-a338-7990a2b1d797,45,Male,198713,19
400,032a65ef-055d-4c22-a863-8cb0bca5f018,63,Male,92958,25
401,2bb15076-9b3e-4f3f-b9dd-cf877c455218,18,Male,159187,56
402,54da95d0-b48b-4791-a6fa-bb9055f48d8f,71,Male,93430,16
403,e87795ae-1dc1-4eb6-b208-c55be553f799,24,Female,42163,74
404,070d9fd6-3c66-49d9-a5b1-57bbb23c4f6f,71,Female,122521,66
405,30979e64-0948-40bd-8a6e-92edf5bc5b70,87,Female,135385,78
406,e1655d99-439f-4e90-a43b-94a215b53536,44,Male,183922,2
407,d32cb77a-edea-4e40-b976-bc0280bcfe93,70,Male,20908,68
408,dd2af46f-e80e-4b0c-b5fe-a85b9e9ab3f7,58,Female,173955,56
409,b3cf2f01-e7c5-4b45-baa2-d5ab405edbfa,88,Female,94293,83
410,b50a462c-c086-4b39-b802-11530bff89d6,26,Female,21649,59
411,03b3e12b-23a1-4970-b138-307e6def23b1,69,Female,180330,53
412,06d01f17-656f-43db-b2cb-abd0659a3a68,73,Male,37561,86
413,e9f8f932-ba71-442b-85a6-56e0d50805b0,88,Female,81898,73
414,2a2c40d7-ef91-4148-bae9-36a5377f27cb,64,Male,101560,75
415,ead643a1-fc51-475c-a5a5-c745b4c114ce,85,Male,44607,13
416,970e0af1-cc43-4103-9663-053816a63740,64,Male,173348,84
417,27e8160a-88ad-48d9-9056-52bd2f225df0,63,Female,127435,77
418,1364c4aa-7a2a-41c4-a3ac-0cdaf54c2501,64,Male,170870,72
419,cd405d75-c622-4f85-9a9b-bd631b7dd235,21,Male,129790,7
420,031f8120-8356-4b4f-9b99-7b70a0e79817,79,Male,80187,83
421,bf8c258f-b951-42b3-b198-51745a1e6ade,83,Male,159614,8
422,de62a1ca-2690-4b16-b9ad-8c5bc1f78849,76,Male,89407,16
423,f81d8190-7562-45fb-a558-ecbafba4fd78,67,Male,153531,59
424,eb18a22c-1e00-4082-92bf-b878b834687b,85,Female,198777,89
425,9b588ef2-105a-452b-b6e8-534b5885a18f,59,Male,78594,19
426,376d2107-1885-41a8-b612-99c09e400c92,55,Male,85115,91
427,19bbaf6c-2193-4a0d-b186-dffc1d475202,39,Male,193628,85
428,faaa3db8-0aa0-4175-b6b8-4b880a029c34,77,Female,102407,100
429,264c05de-ba8e-4e15-95d1-6499d556c257,34,Female,89281,56
430,4022e1a8-dcc1-46f6-be00-fab67feeeba6,86,Male,82548,60
431,6c377620-e3d7-4781-8c93-91cea1fc4f5b,40,Female,103640,52
432,8e84e92e-2f61-4830-95f0-bb21df844e8a,68,Female,91405,1
433,42b811b5-777b-4bac-9a30-d0785201c5d7,79,Male,123445,66
434,3411689e-ddc3-4fe1-b900-af67c14e80d5,29,Male,137270,66
435,737b44d7-dc01-4230-81c5-7c23bf1c0346,83,Male,171348,63
436,fa9324e2-86a6-4f2f-a1fd-c21b89614e18,41,Female,141119,40
437,6715f282-f30c-4f4b-9f27-5088672cda3d,82,Female,127526,14
438,62eb7d37-667a-4a1f-8d21-40fe0cd81ec4,75,Female,185054,47
439,a4ac7a11-4425-4b2d-a7d5-3c9bde3cf26b,78,Female,107494,94
440,0ab046b0-8203-4251-a273-f791df0f288d,53,Male,57688,10
441,c40fc1a0-cc0c-4b6e-b1e3-382988c47593,78,Male,149736,44
442,f8f96e7e-b48a-4651-a1dd-fafd9a7fd1ee,75,Male,50256,78
443,478352ed-b9ef-459e-a590-21bbc3082dfa,66,Female,134911,59
444,c50ca4d2-dc17-44b4-bc05-7ce1f9cdc26e,86,Female,74521,6
445,2bdcd68b-f1db-4f53-895a-297b3fec0d28,29,Male,148755,82
446,ee1aab8e-8116-4158-8b20-df700e20fade,19,Female,161632,9
447,7212d4a1-753d-48d5-9a62-da5a970ea423,68,Male,38528,98
448,028c46e9-3fd2-4e12-aa2c-73e69702672c,84,Male,22909,75
449,38ae414c-383f-4f9a-976b-e1b24eef957d,67,Female,187832,10
450,9621ec0a-1539-42cc-8f4d-76a924a01928,46,Female,95914,81
451,6bf4c7ec-2e20-4295-9c9f-758d99524fe2,55,Female,153041,38
452,edc7c300-5d61-4f15-9e60-78483ae2111d,84,Male,76245,50
453,2e1b6415-3355-4704-a0fe-a539b8a9b209,67,Male,129619,38
454,dd8b9d62-3810-4077-99ee-1a72c45607af,69,Female,198222,25
455,2bba0ae6-555a-4089-808c-81c764472be5,65,Male,119444,93
456,470e5c53-d915-4137-b652-354b2463d671,78,Male,38448,48
457,09fc6bc4-2122-4979-a6e6-125bc356da22,40,Male,97741,52
458,b799551a-fe07-4c8e-b70a-d5df9d66ed81,72,Female,164386,46
459,a17aac11-31ea-4c1c-87a2-8892d1f93824,54,Male,91225,28
460,4853da47-603c-4169-91c4-d68305ad6ca4,19,Female,122126,46
461,66e27f9f-8e65-4952-8406-0032a49fce0d,62,Female,54526,76
462,9e96cf1e-496e-4547-a981-2e485c00dd46,55,Male,158515,50
463,2e72afee-b14d-40b1-a4f9-c2d642f17011,26,Female,154839,83
464,e062a013-6961-425e-9dc3-cf22000fae95,51,Male,154021,71
465,064e51d1-8861-42a0-9b02-91f520d68e13,51,Male,191537,41
466,e3623cad-6a78-4f78-bda3-b8593c88a68d,34,Male,66604,91
467,fa4bd116-edd0-4e77-aed1-0f929a1d0043,79,Female,69881,29
468,030d5b35-bfb5-4f07-a3e9-5ad2682377df,53,Female,85717,13
469,9dfe042d-fe6b-4b74-8e5c-3d03433956d4,49,Female,190332,53
470,ef3c14a1-1f13-4146-b661-bed3eea727b0,48,Male,26077,52
471,49374728-9fb7-4f33-8cee-0cb83eb2c8f5,23,Female,174708,85
472,edc7e074-4462-4bd9-baab-326e27c5adeb,80,Female,156773,67
473,34e84fbd-bc66-4a42-b41f-6698d3d8b095,19,Female,169276,95
474,19e1ca6c-b0df-461c-8cbf-94dd9bf341ec,79,Female,95639,76
475,126ca1fd-f0ef-40da-bfd2-1565b09c53c3,75,Female,124498,27
476,d6de240b-cabe-4204-89fa-93985320af71,44,Female,120679,77
477,2270ca39-aab0-46b3-aa7f-117e931404d3,52,Male,152295,91
478,d2302991-5e2b-4d11-99c1-9080136cf58a,69,Male,165227,27
479,ccfe065d-ce0f-471c-9647-deb0bb47a646,66,Female,159783,32
480,9bfcc6da-bbca-4f11-b734-72fa3c6324d5,38,Female,175705,31
481,e221873f-4c77-4703-92ef-bbed279c81e3,64,Female,137245,60
482,df082063-bc37-4c89-8b1f-9c5498727268,45,Female,194383,4
483,4b9cbf06-dded-4d07-8c1a-02ee164f0d18,73,Female,59263,35
484,d958ae49-2043-4eb4-8462-1aa621b486db,63,Female,95665,99
485,04902637-1050-4e53-8117-60404df896e9,73,Male,48069,82
486,c426a010-2777-4b68-b361-90601fc72cd5,83,Female,113215,70
487,4263a808-f25a-4ff8-98e5-e48d8c8ad50e,74,Male,53856,23
488,49687ab1-89a7-42f8-9b16-5fbe8ea62590,39,Female,172160,6
489,98af53c9-19ba-43e6-98d7-029b2f6da6eb,86,Female,72309,54
490,71109abb-b79d-4e91-939d-1c42db235ce3,41,Male,49545,43
491,505b77e3-529c-48aa-b845-0dcd49f522c2,57,Female,120031,39
492,cb0d250e-0355-437e-837e-55ddc6e47f67,69,Male,167306,54
493,28986534-01cd-4835-a1e7-405a6c3f1f31,66,Male,89511,46
494,44ab91a1-6481-40f6-af9e-f2fb78eb9633,40,Male,55208,16
495,380f9990-f597-43ca-9491-4fd6f61f5a03,60,Female,108863,80
496,7a2e2fe5-6355-4de3-b7bf-a7270078e390,46,Female,181242,98
497,b1d0620c-9c96-41df-84fd-ee59eaa6f085,88,Male,169138,100
498,ff1e47cf-076f-4c16-8893-b160541703ad,57,Female,164003,55
499,43887acb-dfea-46d9-ab39-9104fce4392f,51,Female,37102,43
500,403435df-95ad-4f62-9cc5-0729cd80e005,70,Male,55667,22
501,35b87d46-cb29-4eb6-a0b5-fc17ec631fdd,64,Female,176766,68
502,9001d15f-7ec9-4ca4-ab4e-5005526c90f3,81,Male,196637,74
503,acd44010-74ef-4fbb-950e-bc92c59caed4,20,Female,184387,40
504,3cbcce97-f541-4bf8-8e53-c44b6b2b88a6,58,Male,104660,47
505,cf64f0fe-6060-440a-9cd4-40379bbceda4,77,Female,139804,22
506,25fc839e-3dae-4731-b68c-968c25fabd08,41,Female,174504,52
507,d1119ba8-3b7b-48f9-aaeb-da3412dbc18d,86,Male,52216,62
508,c1026f2f-c4a3-4914-8f48-9227d02606e2,40,Male,80082,79
509,9355cd12-1a34-4899-844b-5c5c9eb7a996,43,Female,127348,7
510,e2166230-573b-4106-9bbd-8605a4d344a2,56,Male,48666,47
511,1fb9276e-2d68-4149-99ac-447f4607c084,74,Female,40689,75
512,7a51308d-08eb-4f01-a82a-ede623afe19b,82,Male,135260,63
513,6a28d182-4618-4412-a59e-7b68dee25833,25,Female,135621,44
514,c21bdd04-476f-4999-b417-bfd058cff096,52,Male,22771,1
515,55b58ffd-8345-4e23-b347-324baab8a7c6,36,Male,185752,31
516,da51938a-f65d-4557-98a1-7a9607362622,58,Male,124853,30
517,8fb6886c-ec45-4839-b914-96a71b188574,83,Female,25680,74
518,00551c59-05ca-427f-bdbe-818fd64384a9,49,Female,123489,79
519,5037bd1e-3bdd-4424-ae1f-6d6197d2166f,79,Female,123362,7
520,85d7e324-5118-4609-ba7a-8f0848458c96,36,Female,133984,93
521,ce242490-c210-4116-a9d7-1b8fd610b0ed,56,Male,50427,52
522,26e32927-7255-476d-894d-e430e0eda8ef,74,Male,109479,75
523,f330001b-caa9-4233-af3e-4f134f342bbe,29,Female,79914,38
524,b5e3b540-dee6-42d4-8c91-22580c12a6b6,48,Male,70861,79
525,1a1193f1-6244-45e5-9633-954980ab46da,61,Male,173781,57
526,8277a8aa-4d2d-4b2a-87b1-ba1c37f4670c,42,Male,124496,64
527,c5e1f96e-0d90-4ed2-954e-ace917275673,20,Male,190420,69
528,9dd88f36-3a4b-4059-8a9f-16736cdb3405,34,Male,100159,59
529,ee28a141-7239-4b72-a0dc-5bf203c3bbc9,33,Male,54510,96
530,0f40a665-7975-41ad-89d1-4f7352dccfca,38,Male,156178,41
531,61d639a9-5457-40f0-ad53-54d98853c0de,51,Male,59939,59
532,e7e22028-a1c3-49ba-b4c3-3348ae98515d,22,Male,145127,53
533,8f00444e-1da2-43d9-886b-b197c82eb336,67,Male,64896,99
534,9988976b-8450-4d0f-b971-83e476609025,84,Female,88812,51
535,4968c704-bb0b-401a-a63b-a16f36aed604,26,Female,154753,57
536,ce34bc0c-3f65-4ed9-8989-c482f03a1d23,69,Male,159919,40
537,f8647746-21db-4c51-971b-1be0c59a881e,19,Male,45336,53
538,d5da1282-d7be-4cbe-9cbf-cb05315284a7,56,Female,160231,12
539,d601e997-b16a-45eb-8c2d-358dad6653b8,41,Male,144324,21
540,31ccf237-208e-4c1c-8733-c5cd379cb3db,22,Female,131870,14
541,6ecaf16d-4bad-499d-9bdb-51f7b54ed43a,69,Male,20104,39
542,654faf06-7ed1-4f1e-aa13-1c6f818a249c,57,Female,77952,5
543,c5dc7337-a6c4-45b4-a2a4-b60912d8be20,24,Male,199076,65
544,3b6b7da7-d27a-4316-bbeb-060382c5305f,31,Male,92650,2
545,b2d3e4f7-bc9b-4aa1-acb6-c775ddb37697,25,Male,170959,70
546,8b1f6a4a-3dd1-431c-9b20-82d9e21fb68f,55,Male,83562,34
547,1467a2a9-cc1b-404b-b7d5-b3c0d3659bed,54,Male,172382,23
548,c392c8b2-eebe-49a7-a236-e9e8675bf558,39,Male,60008,27
549,a5ad4f09-3d73-4f6a-8613-7bc910a2b09c,31,Male,144867,81
550,2d30c536-1459-45f2-bde0-2129ff246c59,72,Male,196122,11
551,2d7ea03c-040d-4b35-afb8-a5ca883bb866,87,Female,27167,33
552,ce368066-c0d8-4217-9bb5-43c60585a337,71,Male,168707,99
553,b72c7273-4639-4693-9982-17bd3c1221ee,69,Female,93861,12
554,7b219b3d-42e0-4fdc-85a2-8e1b79dad1fe,37,Female,55490,27
555,549090ea-4ec1-4a61-8433-aac5005ad67d,47,Female,114120,15
556,ac37ebe5-c003-44b2-83d4-f76596986d38,52,Male,187849,59
557,76589ce3-d58a-497d-b694-3f5477278129,49,Female,99984,63
558,b8565c5b-1304-4d1a-ac05-0badf0b675c9,74,Male,184858,29
559,873d22c5-8cfc-4d79-a7cd-5acf68cbb501,34,Male,160824,50
560,b72f7c21-6d65-4a36-bf5c-7e37fc36e93e,72,Male,73969,65
561,6ba5a806-51d0-49e5-863b-dad8a8165d28,36,Female,138816,65
562,60a3ee00-4efe-4278-9940-d8b9d252cc40,28,Male,145481,88
563,2dbd6575-fb6e-49a2-9238-278090c2fbf0,90,Female,114829,2
564,8d9a2d3b-75b2-4f1b-8f2a-81e3bb22109d,47,Male,87398,24
565,5465e3bf-f711-4fd2-b45c-717147f38548,86,Male,61327,7
566,ed492f68-039c-405e-a34e-5202719c2a40,73,Female,124554,15
567,5f0396c2-0316-4b53-8748-149ff0b84b95,55,Female,83935,85
568,a7c83132-1dbb-407f-a7d2-e3ee8ebe1fc3,67,Male,60892,59
569,19daf9f7-1b0b-4d34-969c-48078c418f78,78,Male,20413,44
570,5e4fc500-dcb6-4942-abe3-b33ad82a2883,64,Male,108810,63
571,f14bb00e-5be7-42f1-bd75-733b4769a850,43,Female,132743,36
572,833b203d-0e6b-475a-bdb8-bc553ec6897b,83,Female,104181,1
573,3bf895e5-5e0c-442c-b445-3c28ae227c62,34,Male,125144,85
574,c1b553a1-4b60-45a0-8504-4107f7495621,77,Female,32247,63
575,25df3e32-d769-428d-a240-4ddb51efcb70,59,Male,111425,52
576,f2cca858-ac79-4b3e-bd2f-b99ca2b49d00,72,Female,38618,31
577,ac4c7f60-6985-414f-9ec3-8a4c6f77350b,57,Male,63778,57
578,3e2bbad6-c766-4c20-a183-49621025d0eb,71,Male,193546,63
579,4a731454-9e35-4850-951e-ca2e08e0f7ad,31,Male,30505,48
580,a696eb09-1ce6-4f1b-a3c1-336806397bb0,81,Female,72824,24
581,72c92f43-a16c-4d71-b966-c6ea64d31370,82,Male,117130,58
582,1093b0bc-3a07-4dd3-8036-66fdcb9bd901,41,Male,114443,14
583,45b1208c-9fdf-4e88-b2d3-50e815ef9a05,58,Female,126819,34
584,d717f4be-dc78-4a01-a3f5-11e57c4bb43b,72,Female,160849,97
585,7e99ebf1-ab7a-40b1-9656-c3cccdd12b5f,80,Male,95597,47
586,d5a441cf-dc26-485b-a638-9711e3a15436,23,Female,73735,98
587,56d3b30b-c2d8-4ad5-b031-394668d7638e,83,Female,163569,18
588,45622381-d950-4646-a0f7-842cc10bc0e8,35,Female,195678,71
589,e150c0aa-997d-4e8b-ae35-d0b78549bc19,67,Male,122477,19
590,c95b7ca2-84fb-45b4-bee5-c300aa055d16,29,Female,98005,38
591,b304514e-1a28-4e8e-8c54-39969bcd19e2,66,Female,140084,44
592,527efc80-457d-4deb-a283-88bb9cfe7bec,33,Female,183148,84
593,90173a4d-c9dd-4995-8e4c-361e4705d988,87,Male,140111,44
594,09d2443c-4837-4d9d-84f9-19d0e979056a,72,Female,38611,87
595,15b576e2-b7d0-4f1d-8d18-734c2383dab4,61,Male,195305,66
596,c296cdc8-4444-4a08-b6ff-9126a7284cc3,63,Male,170688,73
597,19d578e4-d81b-48d3-9b8b-7fab47566bbc,69,Female,78140,41
598,7a9f8d8c-a039-4fb8-aa26-c8861b758819,31,Male,153008,58
599,df8e8372-4d90-40be-8ea5-7fb1f623d785,27,Female,131134,99
600,eac0eabe-545e-49df-b14b-bdcf8919905f,22,Male,76090,13
601,1143b9c9-a3b2-48af-982e-b151314a8d34,38,Female,184355,71
602,2e976814-847e-4158-a032-fd0c0320ce4c,83,Female,31241,58
603,adda497d-25b5-4cb2-8384-f78d3f441068,50,Male,91230,27
604,4ff50d90-4f71-47c9-a333-caf259c8fdb1,38,Female,65547,61
605,44faad8a-2306-4ee4-991c-c9c516a4dbb1,75,Male,129187,21
606,30f5d3bf-0bf7-40de-b300-dafed77e7ce6,70,Female,91037,11
607,f0e9e0c0-867b-4065-a35e-21fdc7d86b3b,85,Female,153007,31
608,dea3732f-67ac-47b9-8631-43956f311b49,87,Female,152894,70
609,50c50d06-8e52-463f-af64-5850b1217e60,57,Male,31879,43
610,484c79e1-ecd4-44c4-817f-74bb5c78c5ce,36,Female,96992,80
611,8456b5c3-2974-4fac-b31f-a1c56c6a60d2,54,Male,174665,37
612,27e429dc-d7b1-42ea-832f-462357fd8799,43,Female,56543,81
613,588d0ee6-93bf-4c1a-88b1-370fc6ca761a,87,Female,24933,70
614,0404da48-6db3-4b67-b8cf-b72277be4650,39,Female,47123,26
615,f3f9a1a3-7712-4c6d-b7b7-c0cc1bade333,74,Male,134385,26
616,92814986-d26d-4231-a016-863974631bdd,45,Female,71723,21
617,a5faffb9-ca97-499c-a93d-36856214d075,26,Female,158873,77
618,5284802a-97a7-4ad2-a565-5f0f51f3653e,44,Male,163155,79
619,0c122e0f-5de1-4aa0-aeb5-79d285a9a73e,21,Male,144965,36
620,c6379002-35e1-4aee-8685-235b5327e76e,31,Female,144207,81
621,5b6b4a30-7df2-4cc9-ac8e-a5085e81561a,82,Male,109643,16
622,513c5543-3d49-468e-b04c-fd765cae21dc,22,Male,100009,28
623,99c167a9-5178-43ef-9f1c-6d3f7ef003b7,53,Male,71711,100
624,fa7ea57e-76ea-4cc3-a633-b7a66f3b7ade,69,Male,192592,71
625,7e8c1987-e66c-413b-b567-b9bf505c010e,30,Female,196354,9
626,8240fcbc-7598-4999-a4d5-dc4bb6dcd972,64,Female,183627,18
627,f0708652-3dca-4b5a-86ba-c62e0f76fd1e,82,Female,194775,74
628,0b5afeed-5b9c-4330-a46c-88333593ce60,57,Female,167315,32
629,b3d859dd-f5a9-4853-bc94-5588fcdfa94a,22,Female,140054,51
630,892c0f4a-7037-441c-a126-637a31596f5f,56,Male,97860,53
631,7cee04e5-c37d-4d69-a58d-082b1b4b5f9c,90,Female,199124,11
632,e073983a-ae0d-4918-bece-d071626464a1,34,Female,57864,62
633,c1e51247-0b72-4b6c-a766-3a36e4b2624b,41,Male,95094,78
634,cb4927bb-614b-47ef-b8f1-51d6dc375d89,21,Female,146016,85
635,767a2cad-d10b-4666-ac94-115312952d3e,21,Male,63732,88
636,ad4bc127-0aa4-4d33-9d87-a5c478c3a302,47,Male,40378,10
637,1ce0ef0f-d256-416b-8097-32c19859a7a5,87,Male,142648,72
638,c7565eb7-2b6d-4aba-ac41-cbb1b6b0c3df,86,Male,183401,24
639,5162e1fd-bfc0-4091-9be6-7d95a314db88,71,Female,74309,26
640,c06d4970-01f5-4d1b-995f-557a8682d0ea,20,Male,150191,99
641,7cb9db97-859c-421c-bbbc-125aa6607c8b,33,Male,139770,8
642,7a5d005f-46a1-4c7a-83d3-63c8dd6fde17,64,Male,195668,83
643,118f87cd-439c-4940-be45-cdbd1d4f6d96,84,Male,196994,86
644,ec9b5114-6215-428f-9baf-f0800a7467aa,66,Male,153493,46
645,b6122d1a-d442-40f1-98aa-21b562650f5f,21,Female,65829,71
646,fe0508c0-849d-4766-b9ee-6a94034fabb2,71,Female,68902,7
647,d947cee6-2d54-4c52-aca6-50e52af21aeb,48,Male,34334,72
648,2c24d845-2ea3-4c81-8d75-ef0574a480e2,69,Female,140446,31
649,135dfd93-41fb-4e21-8dc8-1265e825cb8a,42,Female,50311,98
650,4340286f-6182-46ad-84e2-ebb118a3cf62,62,Male,180947,48
651,dcfef52c-6219-41c7-8fb0-57a2e9df9360,50,Female,75689,44
652,fb5fe281-ca63-4020-8980-3adbe75d84b9,82,Male,168093,92
653,877a2daa-1668-43cb-b65c-443afaf23416,84,Male,90479,96
654,88d57f33-c55f-468b-a01f-d1749b63ff33,34,Female,67592,9
655,92550b23-8359-4ea9-a52c-beac4be84d90,54,Female,38854,91
656,8116c437-b27f-4b2e-924c-3a0d8a5c07ca,37,Female,63136,78
657,bec321ab-eb0c-4ad9-934a-3e6dd5656a59,90,Male,133348,62
658,2b3f121b-d6b9-4211-8c14-2a04a9f96086,39,Male,190374,50
659,8570eed3-2861-4032-b3b9-25e940a420c8,87,Female,131804,6
660,eb7cc479-6b17-415b-8635-b706ebe7b6f3,39,Male,119018,38
661,6a2b5660-4f26-45f7-a80f-bc9f729e78d1,80,Female,48706,31
662,39f7c919-5a06-4705-94b0-1eed8f21e01d,68,Female,140546,51
663,3b2355b0-2e66-4aed-8c9b-43d69dbc3096,66,Female,112968,73
664,e194d33d-68a3-40a5-9412-10a8f260c541,85,Male,129072,61
665,a6307da6-a752-4870-900e-35128acf878d,37,Male,196133,55
666,764593ca-5de6-4b1d-8ae0-d83e2e7d6daa,53,Female,127298,8
667,f19c3a5e-633f-4634-8591-ca1510bc74c1,57,Male,103755,14
668,c47ed47c-1df7-45ae-a560-d3bd30146eb8,89,Male,62184,22
669,8dab4b99-1e55-477d-be17-5a0073b6a78b,63,Male,88947,26
670,f057ac57-d24a-4a16-aaea-46eecf37fac4,37,Female,180052,88
671,6ad7b55a-7ac0-4cb1-9cf0-5187b00dc396,58,Male,166959,29
672,7524e39c-df23-48d3-aca1-0ba89b88501c,62,Female,150808,36
673,3281708c-174f-483c-bee8-7dcde4c6f3fc,81,Female,102709,6
674,8d61da5e-fed3-4655-a5f3-3a83897059e6,89,Female,133661,2
675,e7c07127-d469-41d8-9637-bb1feb142b29,19,Male,144231,36
676,e9882678-855d-4934-8eab-93dcf5556261,39,Male,194799,46
677,a1ea94aa-7bae-45e1-8232-1e1afc9af9a1,42,Female,191997,89
678,bd6a3954-7968-4276-8341-afd08f404e0a,58,Male,100317,11
679,fab2c9b7-0354-4f3b-8939-7f9effe104ba,72,Male,96935,89
680,d7550ef4-119e-45a2-9caa-4b6d38518952,24,Male,180003,17
681,df980bc7-a3dc-41a5-b7ef-67389da34860,90,Female,38784,64
682,253ced9e-55d7-4fc3-98f0-22eca7a924f4,25,Female,143162,45
683,bc5affc5-63c7-4556-9a37-3929333b34a4,84,Male,95450,78
684,b45b8a87-a9be-4401-be15-5c08c8d78796,52,Female,24667,41
685,0601524a-1e93-4373-bd32-d92cf3a4302a,66,Female,67024,81
686,e4b89bc2-a2ea-4742-919a-a7eec1a060cf,55,Male,180936,58
687,32e6a103-db7a-4e31-8b2a-7420c134b5f8,30,Female,97533,99
688,de51b33b-9c36-4172-ba4c-0340036a8aae,79,Male,152325,95
689,7f8d4f1a-b00d-4b2b-aa68-5e1907edbbf6,75,Male,87225,9
690,9a2cbd51-5e86-4812-b9ab-b05e075755af,28,Female,70856,59
691,fd8eba67-7e17-408a-b240-c84144f977ad,88,Male,39342,67
692,043f69c8-9ff5-4407-8706-5e2c9ac702fe,42,Female,40136,53
693,0d36da47-c4a9-4f79-96a0-b1e1815ed928,48,Male,71283,1
694,74b9d76d-d0b0-42e1-8507-e457a5ad2053,64,Male,145973,16
695,8b6256c2-7d31-4be5-866e-2162cdb99c45,44,Female,34010,57
696,851801b1-4db7-48ea-83dd-9500f64871f7,39,Male,33550,11
697,83cf9f56-63df-4133-bcdb-ff22d23ab463,32,Female,45918,4
698,65c35dbe-dda3-4dbb-a1b4-a3c37b5da1d7,80,Female,136836,85
699,105cdf25-a93c-40ee-b747-f208ca9316c8,34,Female,46580,2
700,8d51ba5e-a9b7-4d3d-8511-1b27831642d5,70,Male,179860,41
701,2a570f1e-468f-4a39-88b1-73258edd6ab9,83,Male,180766,80
702,96d2144f-8ab1-427d-9280-e775ed91affa,31,Female,197347,72
703,f90b2c9b-d9aa-4ef3-a1ae-e38586a45255,18,Male,132488,87
704,1cff38e7-d3ee-40ae-9c83-712334839a57,86,Male,68477,32
705,8c0c4a01-ebaa-4217-8270-af67fef75783,82,Male,100445,77
706,2c8bc215-6724-4e79-91fe-eb52d4b9fa18,86,Male,96699,35
707,6c7876a2-5f92-4763-9754-86ca0a8a6b70,34,Female,51610,82
708,aba6b872-cb25-41ef-8c5d-8b068abd69fd,46,Female,129463,22
709,4a0acaa5-85ef-4ef1-a0e5-110696ec78ae,54,Female,113387,97
710,d0a6be37-42e7-4377-960b-9561d97b648a,85,Female,49379,15
711,04cb5f97-255b-427e-9729-3abea413909a,49,Male,88212,96
712,2d5dd87a-f459-4f9d-950b-80adbfcaafdd,73,Female,190422,63
713,839d2215-8007-4989-9045-706fb02a1fac,60,Female,173741,20
714,18fd22d7-1aae-455e-a77f-5ca125e64fd9,62,Male,153858,17
715,93c48680-8ee9-4a6b-9694-f4b9c1782888,21,Male,33269,93
716,bdf224e9-4a98-4815-a0a2-7b759b3f5f38,65,Male,162596,64
717,30a7f47c-ceef-4daa-b8e1-a72e8c48c8fb,83,Male,74815,82
718,025509e9-03ca-4f0c-bd2f-9d1f7cb5fe85,42,Female,28411,7
719,c1b20dff-0ce8-429a-9d0d-f93b7eed447d,90,Male,163256,4
720,d3042a42-b171-454a-bce5-9fffde29c367,78,Female,45558,72
721,03cf4257-d6ef-4c30-9d4e-5955006f2204,61,Female,159298,70
722,ff552efd-fb47-492f-a2a8-dd12391f1e7e,64,Female,166158,55
723,aeff892e-3d2c-4111-b4a2-c90770558d75,18,Male,154195,30
724,e01e948e-95dd-4a67-bfe1-03827e86ad5d,35,Female,76966,71
725,f1965d4e-b109-46a1-bbbd-54478a0c96b6,18,Female,33355,2
726,be468f94-0bc7-42c2-b3dd-c2e876ab1107,83,Female,119458,21
727,63b6849d-5055-4779-938e-b52ad603f667,58,Male,30990,37
728,dbe6c63b-35ae-4e3d-b545-a53033c7825e,20,Female,45574,88
729,281c29f3-2439-4bdf-8444-a61d269fe5fb,78,Male,160067,80
730,7afa3f08-08ed-4bb8-ab54-65cf873b6a1a,71,Male,129333,61
731,024f02e9-2e17-4861-bb0a-d948bf93667e,54,Male,112107,44
732,3e862737-2a79-45b5-a2ca-7929b1655460,29,Female,86306,9
733,875fe0e8-76e2-475b-ac43-da2df1cacab3,48,Female,162071,67
734,0dba8477-9d52-442a-b393-35528c23c59f,36,Female,129514,72
735,1e355919-55eb-4010-abda-313d5a6cbe6f,54,Female,185161,38
736,53bb078a-d5e7-4f7d-8ffd-9080a0705149,67,Male,114207,5
737,a3223eba-f48a-46f2-9fc7-7968facf126d,19,Male,120882,56
738,54b18a0d-34d2-4a10-8d23-7f3322cf9041,35,Male,181792,42
739,0b3b5239-c943-4338-8b48-7452c90e9dbd,27,Male,59681,34
740,40f2d403-15a2-4c8f-831b-eb67bec3d898,18,Male,122518,85
741,001b8f2a-e3e5-45ca-8a5f-05473b923a05,63,Male,114478,99
742,4e3db335-9f2d-429b-b6c1-f7072cfe4a99,71,Female,147895,83
743,d0eeb412-7c8b-4618-be53-40d44cc2529d,29,Male,30192,79
744,472bf092-6b64-4f06-9d29-c665bb707f37,47,Female,130569,49
745,bf9a6be0-8229-4093-aa08-b8de4ebf7228,89,Male,175733,34
746,8e385975-3e18-404c-ad90-8e89a804b49e,66,Male,48675,54
747,14785924-9642-4404-b63e-527753e3af4d,46,Female,187218,81
748,6067e832-e7c1-4872-a629-e0961262c1cd,89,Male,65850,49
749,cce518dc-b921-4ce2-adf6-d0bff096c507,34,Female,30409,78
750,2cd9fe24-bed8-40d1-8a1c-8f1c8e30df7b,43,Female,86441,81
751,1bb22e4a-d012-4640-aef7-410d96d3d827,64,Female,81651,73
752,6efe87e7-df82-440c-88aa-5a061297ce50,71,Male,154377,32
753,ad0c8885-11cc-4f8c-8282-cc44b29245b7,42,Female,89716,47
754,d8e75d7f-22ef-4302-bb01-5c16edb666f7,33,Female,170368,3
755,3fbc0386-d580-4fa6-b2a8-c65d816ff4b0,24,Male,149763,24
756,5dcdb919-9cd2-40c8-a22e-2107faf899a0,85,Male,75489,14
757,4e4e1cdf-ad7e-48d9-8e29-a17281e21d36,26,Female,58208,78
758,911df345-10a0-4c3b-9f41-1da98010538d,65,Female,183468,82
759,991a709b-4fff-43c1-a20e-8f7de373e9bf,86,Female,197393,62
760,d4781c2c-b97d-4fb9-ae27-7c5ac3ca3f83,69,Female,64739,84
761,0851f7bf-4d8a-4aa9-b74b-f69cd8475f53,23,Male,94882,66
762,ef66c8c9-98a3-4522-a5b1-98406e85fac5,35,Male,93920,74
763,693bf29e-7226-420a-b362-6a1cdf9bbcde,45,Female,194577,22
764,c73ddb89-03d8-4ec9-90bd-7a481fd7ccef,70,Female,161459,45
765,a6dc29ca-8b04-4448-975b-31ac1748210e,62,Female,151015,74
766,e57bf327-a2dd-4ca0-89bb-fe5c5dfba533,57,Female,87265,99
767,6a13a6e0-1b58-4323-85ce-494cdff1d457,52,Female,197380,64
768,2d07c0ba-4c28-44fd-bef2-36970a896beb,50,Male,164703,73
769,d095b2d5-63a7-43af-9396-021d4f9ca110,35,Female,87068,74
770,f2a329ad-fabd-41b9-8999-9e62260b087d,67,Female,142820,12
771,cd7f6ce2-25a1-4327-9687-bec0200efbad,20,Female,57414,66
772,623b3901-db48-4ef9-a7a7-4bed97a763a2,23,Female,35821,26
773,f8fee8be-cd41-472f-9e5d-14f84b46f769,68,Female,129922,70
774,324c3b11-4fad-413b-a6e2-d4f47b99f412,31,Male,165920,39
775,faa7d57c-288e-451a-a58b-b139c2aff349,40,Female,96771,51
776,ee92d65d-1a60-4a0c-a65d-367cd2ac9a67,74,Male,160882,5
777,fbd51a51-dacc-4b8c-8d82-93a5a350f7c7,34,Female,55983,9
778,eaa2d11d-dd48-4470-8edb-5e9ac04167e4,41,Female,158601,18
779,7f547a3d-721e-4c4a-9d50-827be608e546,66,Female,180763,79
780,a0b4f41d-fd42-4871-abdd-4051b7c6d302,32,Female,24024,19
781,feec35e5-1e51-410f-9866-6010428bd72b,85,Male,103010,34
782,e7c25afc-7485-4b1c-8cb8-d6725b351613,42,Female,49970,13
783,fc7b5c7b-101d-48a5-ac05-dc6fe89f12b1,90,Male,153585,36
784,d5154d94-1462-4efc-92c6-58f603075cd5,71,Female,95374,36
785,513329d4-a94a-48c5-88c9-72f1b6a35c96,84,Female,33155,68
786,624dae60-8690-4490-80a4-bab02819c453,87,Male,144187,83
787,c5b74aeb-95e5-49e9-bb9b-0177b192abda,76,Female,98844,84
788,beff03f5-d600-4b20-bb65-90b04c3816ac,52,Female,48968,100
789,d77a575d-38a6-4f69-bce9-5d800907fea4,23,Female,84346,17
790,c090d3f7-9deb-44b1-aae8-e2c7bac6ddb0,80,Female,80553,8
791,5deb2d97-0e53-40d4-bd56-8439ff01eb84,84,Female,71621,89
792,348f2d26-f5a0-4ecf-b1df-e2501c98fcff,55,Female,135073,12
793,b0f14b1b-6e33-447a-9411-607f2498cf62,79,Male,93783,33
794,fffb7aa3-2653-40d7-a23c-b32fa5686a9a,70,Male,198305,85
795,bdbfa8b4-7e0e-4679-b2af-a136294b229f,53,Female,146455,68
796,89bf9b0e-f6d8-4c7d-b7da-73ad476eaf8d,31,Male,177879,20
797,369e9ce0-f9ba-444d-9fb7-263ebc7d22ed,64,Male,171097,24
798,74eaf8be-ce98-46a7-bfcb-60a8b6bc2ba8,58,Male,166019,39
799,a4b537db-c8b4-4f89-a607-3c8b5d45e0b9,48,Male,55191,99
800,653bb2c6-c7ea-4d03-b274-a56bfdf34e80,65,Female,111980,58
801,813d3971-3548-4c8c-9d72-dd7aa891ad04,62,Male,74749,94
802,61a0bb1c-5d17-4dea-b9c0-0840b6994904,20,Male,56688,4
803,686c6ac2-bc44-4471-83fb-5577f668dc91,33,Female,98626,82
804,4d286e1e-fc53-4b88-9434-7a0433ba813a,46,Male,115058,75
805,beaab7e4-49f2-4ff5-b16c-6a7f3c98b371,41,Female,199456,9
806,38bf96da-e32a-42b0-bde4-b6bcd51d8381,68,Male,139769,60
807,161e7f23-c342-400b-b0fe-b7b8129d829b,49,Female,64643,3
808,978b178b-68e2-4935-ba9f-a9bf42c6afd5,86,Female,154730,87
809,c3f1edda-36cc-4ad1-989a-12a2aab73f17,70,Female,134646,60
810,a2180229-cf3d-4f0a-9dfe-026ea26b7407,55,Male,169165,82
811,345cbe12-872d-459f-87ab-e5e5d6d64550,64,Female,49198,70
812,7650550a-2ec3-4960-958c-35742c663668,88,Male,59948,53
813,35af7c10-6eed-4355-b128-1f3bc564104a,39,Female,111425,85
814,b56a5ee3-8166-467f-a97f-a7c62039de36,58,Female,115529,38
815,0762163e-a3f6-49f8-8ee2-063e4bcef5c9,49,Male,195029,99
816,ed581b9c-8870-475b-83ab-a89bf75c51ac,20,Female,188328,13
817,b1caf19a-2d8f-4ca4-9c23-4071522a485e,31,Female,40699,100
818,9c7f91c7-0184-4a31-b39f-41a7f8a65d8e,46,Female,171943,78
819,52bdb73b-72f6-4b58-969a-b65fb5c7cd6c,88,Male,121555,65
820,dec2b6fc-9050-4821-a863-e5d4f645ddca,25,Female,127328,83
821,8f7b9958-c57d-498c-aaf0-ed51ebb9c508,87,Female,178693,27
822,29536ca7-7c17-49dc-a34c-d16815f7908d,78,Male,133038,19
823,0fcedc46-a13e-4823-b63b-376d7655685f,50,Female,56604,72
824,692ea278-6dc4-4d64-bae8-c3afc2650c94,55,Female,189945,97
825,19a5305a-56b3-43a7-9b0a-9141ca40d039,85,Female,133601,1
826,ec8d5d1f-c9c1-4968-b38e-14aec374250f,41,Male,92549,8
827,56303594-e40b-4230-99cd-3025840a67d2,31,Male,152964,44
828,f85f0c7a-4965-4287-bad6-efb7aa78e4f6,43,Male,144656,17
829,8b0f436f-59f7-45ad-b524-2a55fc9e49d8,83,Male,132512,7
830,88bd6c64-513d-4fcd-8992-7aab99de246e,69,Female,169335,10
831,de1216fc-1ed3-419d-a3e9-28cb97270b4c,45,Female,72217,45
832,6e30d7c3-f6ba-49bf-92dd-5a36ee3b466e,36,Male,134815,100
833,2c014337-436e-4203-b8e2-1ae072bb198e,80,Male,190903,21
834,48f388e9-8e3e-48e5-b473-773531001b05,59,Female,169200,89
835,3cd6949b-d080-4591-8f26-f3d54769be1e,34,Male,178957,93
836,3b12d2fa-127b-41ef-8558-30392ecea17f,23,Male,187873,53
837,4f8fc22c-8062-4a78-8ada-9dbe48d8f531,19,Female,105512,47
838,baf57f9f-2d6e-472d-84d2-f23d78227669,61,Male,118870,78
839,5ba37926-9dac-4d87-a98d-db4db9102dca,86,Male,99837,41
840,dc20a8f4-3445-4cb5-a9a6-4535ff3e2827,21,Female,178843,16
841,160a552f-87ea-4507-9bd6-b2bab6e72ace,80,Female,101836,81
842,7d86deae-48e1-429f-a63e-6dad090b860c,83,Female,39314,21
843,6b88c566-2c7f-42f8-b3d6-7476bc4e6336,32,Male,62758,17
844,ac6a07b7-d741-4088-a394-07c30edb5e0e,36,Female,65511,37
845,3ee790a8-0905-4a37-a20e-cdb76eb6420c,67,Male,110877,22
846,be51be55-613a-43a0-89ac-9d7bb10441a8,76,Male,92593,65
847,a2bb5f0d-5df6-472c-9d03-8acc1b4b6dce,47,Male,184654,68
848,83470f3e-e790-43e3-b1ed-524661f100ef,37,Female,68561,48
849,abd7f164-3b79-4797-86ba-d1e0e9207342,69,Female,132316,34
850,6fcee766-95c7-47b7-9f6a-ca0a4767eba9,64,Female,143666,85
851,25f3eb8a-8909-4cdb-87c3-92a7b338461b,24,Female,130987,92
852,b3f2cb9c-695e-4037-9089-1492a89bf5c9,66,Female,34176,7
853,fdf1ad0e-e6d3-4647-9113-5d24119d727f,42,Male,171128,75
854,d47cb82e-9996-44c5-ba12-504752362109,72,Male,188096,3
855,035ac236-18b2-42b1-ae83-4ef877f6f10b,51,Male,156948,29
856,d9cea288-907f-46ec-a3f3-02f003d5880e,47,Male,106157,82
857,319bb1c0-2a6f-465f-894b-1fe69db38b17,20,Female,71561,32
858,6979ef4b-532f-4c81-b02c-81fdd42ff387,42,Female,98960,51
859,b843ac29-c681-4ff8-9bdb-e91cc8d41872,46,Male,68144,72
860,8516150e-ff32-41b0-983e-aa05eded307a,82,Male,138788,41
861,db2cf5ce-8beb-4ee6-b3ae-bc00b94a6a66,27,Female,166551,65
862,b1b6dac2-db00-47d5-a7db-f6eec4afa490,28,Female,30736,4
863,5102b61c-8e3b-45ec-8c32-58f5a63b8c04,73,Female,117656,23
864,152024af-5701-42e9-91a1-2ca0ba71b81a,67,Male,27210,71
865,dcafbefb-6165-4fe3-b550-84558d2d8845,44,Female,161667,35
866,c8bdd7fd-16d2-4d54-b966-115ca35fc4e2,55,Male,124649,58
867,5cc20e02-77ce-414e-a33a-d19f8df2119e,59,Female,188031,33
868,f41da56c-80db-43e5-8cf6-03a5f0ef4303,36,Female,153529,63
869,c43f1b4c-1275-44b3-894a-dc4665646bb8,51,Male,177697,34
870,356537c3-bde9-4475-8627-dddddadd1fb0,72,Female,90187,43
871,1c39d446-2dbc-45ae-bd04-11cf34089515,49,Female,81804,85
872,816a6195-7a3c-49e3-bb73-73099da9ab4b,60,Female,67828,12
873,bcef3e72-a1ac-41cb-8f06-888728b41357,77,Male,56428,76
874,452c7bc6-cde7-472f-b22a-6c7bc9119917,74,Male,22367,98
875,1dca0459-7fd7-466d-abe8-a87a1ab07d99,65,Female,179989,67
876,eaa76e3d-93c2-4dac-8519-17a869b17876,37,Male,114596,67
877,8d35adbe-4a84-4bbf-96c5-f5816617e8ca,40,Female,179075,65
878,ee6aeb93-be4e-40c8-942b-13a6463f1df7,62,Female,121950,41
879,2514cdb8-8937-44ff-9158-f46b7a6351bd,57,Female,40925,23
880,b4c9b32c-dadc-4a4f-87e6-821dfd85bf3f,20,Female,167993,19
881,1b21be3e-15b2-4043-8485-a7ccca1c62c6,32,Male,121633,40
882,46a4bc48-df3f-40be-9494-27f7d71c8dc2,60,Female,35782,58
883,de22bfcf-e96f-4b16-b16d-8abc82c9105b,87,Male,105032,94
884,561fed88-6c03-43f9-9919-f15fa3ca279d,26,Female,38428,31
885,16a4a3bc-a5fb-42a0-8755-642314421bdd,44,Male,173937,91
886,e4f1fb68-5c87-4bd6-a7fb-ae2fa5d04565,26,Male,186992,42
887,7e0c7413-2dc1-4dcf-8118-4e7fcf48b511,80,Female,74099,40
888,38d1cdbd-5bae-4658-9512-697155e7a40c,63,Female,150185,13
889,fe77cc36-8f72-42cc-8229-192a8951d10b,71,Male,115198,77
890,a4be8259-b5ff-47cd-849d-f28934dcd0b4,63,Female,78296,34
891,4cc12057-c7ce-416c-afb4-bffbe37427d1,28,Male,80307,38
892,e8c9e658-ff82-44fc-b6e0-a80bb8ad4a48,55,Male,53038,29
893,ebfef848-e04f-4394-9d88-03fb9305bea2,87,Male,55792,84
894,ef7279c2-c4ed-4724-9415-48be528d1956,36,Female,39689,49
895,b55e4804-739d-487e-9ae8-0f319d56ff1c,19,Male,153781,6
896,765f084f-ba37-4e9c-9429-0f9cb70d8434,52,Male,116662,29
897,95796b7a-8211-44a7-8156-66e1af359b79,38,Male,76663,80
898,a2441000-51df-4d4e-a750-d38157e1412c,24,Female,159414,79
899,e211d1dd-c141-49cb-a6dd-d444188db5a1,72,Female,120085,81
900,827d8c24-3da9-4442-932f-e74a50bc28b2,63,Male,102167,19
901,916ce23c-a176-4773-afde-37aa9fb54ce5,37,Female,175496,73
902,7372e1af-071a-4a23-ae7b-fc8d21cfdef1,38,Male,190821,38
903,38df72c1-7433-4e50-82a6-068dd51de1ab,71,Male,84268,27
904,1bd7ff3e-1a68-41ec-8e66-338904bfd864,39,Male,162820,89
905,97f0da04-431e-439a-9ee7-2122c54b8f47,80,Male,33193,63
906,f5d07d0d-e950-4a85-add9-6105a2652793,80,Male,80537,75
907,cc7b74b8-f9e4-4f3f-bf47-9535ee20ba49,51,Female,183939,18
908,ce14bc23-c92a-4a90-bdf6-145b05924a6c,33,Female,163858,37
909,02a83cff-acb2-4966-88f7-a862fc4b48d0,87,Male,75396,83
910,b6ce3fcb-f159-4a07-8032-b66310693cd8,50,Male,67687,79
911,4d703cec-c2b8-43eb-a825-344a7086c710,83,Male,71541,10
912,f5e7faa5-fcde-4262-a376-a2bee2270017,71,Male,108614,31
913,f28be95d-856a-4307-a139-dafe8d6c3162,19,Male,59348,23
914,897674a0-c865-44be-bf59-fbdba2627119,85,Female,126069,72
915,ec38bff8-ea49-41a9-948a-d5be29614c98,62,Female,31948,1
916,6114f765-a939-406e-a95e-e57ccb3c3a0c,89,Male,177512,62
917,bd39c2c8-86f9-42a9-9baa-b1fa41602875,90,Male,84929,83
918,775bd4b8-3bb4-4529-ac72-1e056e5f12ea,90,Male,140063,79
919,8e2e270c-40ad-46ec-985e-95ca84cbf448,57,Female,38224,4
920,74e0acd0-9e70-442a-b32f-b53f5a2fdb81,40,Female,20442,23
921,f6617ef0-5c53-4b8d-8e83-778df95f656b,47,Male,162352,86
922,c960b231-9e23-426d-b14e-cc2270e49ae8,36,Female,199934,38
923,3abcf8a9-4280-4709-95fc-bf6c64d9f2a5,79,Female,108865,26
924,c6640a1a-5900-4306-b7a7-ff6fb20e44ce,71,Male,152722,11
925,c9849dbf-bfd4-4daf-a174-52e4091ef0ea,26,Male,141600,84
926,1e8cebba-6168-4c92-b3fb-33921c32eb53,28,Male,76394,96
927,1d84d9da-e66d-419f-b372-4334a9de73d3,90,Female,140857,45
928,408e82de-d2c5-46fe-aafd-bde2d14682dd,36,Male,162031,9
929,167fd49f-561a-4a00-8de9-abe9ac049ea3,55,Female,190813,22
930,3f19e8ad-ccb1-4924-aff9-fa7ff6c4b951,40,Female,44095,17
931,e0fd256c-607f-4771-a026-7f834419b11a,67,Male,48217,34
932,a3e094e2-3482-41fe-8367-9f4239a463dc,45,Female,94535,7
933,381229b1-1874-49db-a17c-c715bb59591a,83,Female,125511,12
934,fc386c14-af64-48f9-a2f7-adfbbf33186a,66,Male,55422,98
935,b3560049-e3e0-4205-93e0-b28583f22507,59,Female,63061,79
936,7f503c0e-59e7-45d5-8b2e-77a9cc4282b7,67,Male,170005,51
937,0364303e-96f0-4b0d-a427-5735695592f5,41,Male,79851,57
938,ffa43627-3fce-42ca-917a-6a66b5ec9438,81,Female,162193,50
939,694254fa-5c10-4217-9f73-9e7c14ef9dde,80,Male,80468,35
940,034efaa3-0a01-47a6-b07a-5ce8405a6c5b,39,Male,168654,91
941,1969cafd-4638-434d-8efc-da84379aa717,75,Female,96952,78
942,f253ab93-9c59-43f3-90a6-e86dec9ed294,71,Male,46751,27
943,a3b31137-e8c9-4425-aefc-3049310fad53,90,Female,48500,87
944,2f6088d6-b6b1-4099-91f3-2d93b70751c5,83,Male,122787,97
945,bb92c47b-b30b-4b83-b665-5d8ab002ede8,44,Female,56095,98
946,d16d12fa-b86b-4898-9af0-7bc041e5bdee,78,Male,120169,34
947,71b1ff85-8ce0-4c78-aef9-dde5e995f57d,66,Male,45575,1
948,f4d82b77-e780-4e8c-9f67-7f550527aec5,41,Male,161614,7
949,bf99e465-9ef8-4187-b74c-d4b4dd3ba1c9,64,Female,189594,84
950,408b98f1-b98e-4b3a-aa33-d823508c0d6a,46,Male,107928,5
951,e806a8e3-c969-4769-9a0c-00e142523be8,44,Female,39712,47
952,b9d2a8b3-1333-456f-891e-43b25754dafa,27,Male,42401,53
953,cda57457-3a76-476f-8b30-1f0c6016c6ba,53,Female,137028,21
954,8943f570-518d-4985-a1e2-0bd23665b800,46,Male,62957,15
955,55d16308-ee69-41f0-9186-6a8a78932674,59,Male,135310,49
956,a6dc9eba-6e1e-471a-b42a-ceadc72f080a,29,Female,34703,26
957,36062911-9933-4ea1-8870-345b726d8389,69,Female,161582,45
958,f193faa3-4591-4bb9-bc91-71d4d5ade367,83,Male,151968,78
959,f15fdb51-abef-4eed-a312-6e9102a1d076,32,Male,36442,27
960,1d84b5c1-d3c3-46e5-91b7-007f7fb6760d,75,Male,65116,50
961,000b81bd-76fe-4c9a-8c23-cafa695ee51c,36,Male,141308,9
962,2d0eca57-2db7-40e6-8cda-049fc816013c,69,Female,44115,31
963,bbe8a989-3074-4836-b7aa-34df7f6d61ab,28,Female,136112,63
964,58aa6e36-3eb1-4c37-aa3c-f30f06a43cc1,31,Male,161192,11
965,bfc9f33e-4e97-4b10-91bb-62ccb595f048,35,Male,131200,27
966,102cc8b2-f550-48df-bb80-4ec1fb9cd270,41,Male,59087,74
967,aab4462d-15d9-4fcc-abda-cb8d22918845,66,Male,121139,27
968,bfc16327-daa8-4d9c-8775-07f03d21c189,89,Female,162578,75
969,0c4cf636-e163-4eb0-aa7c-17746961308a,47,Female,76662,63
970,d3e6872c-ef1d-4eed-a6a7-6c2efa0056bc,43,Male,59106,57
971,eb16a3b1-a636-4d03-b237-13e81cd1807a,49,Male,93112,73
972,e98e29ca-d9ec-4268-8410-e15c38e93ede,25,Male,113464,1
973,16c2458e-f9e4-42e4-8a3f-428cce54de0b,24,Female,51686,31
974,3a19d2b5-f19a-4e8c-b482-d256e06894e3,37,Male,156602,7
975,398d1ff4-998f-4e8e-81c9-ec4d38bb168b,75,Female,111023,73
976,c8b87957-e271-48f4-a50d-f997ec73d36e,58,Male,49579,81
977,9838cbca-0019-4864-a498-4a39c5d15f7f,74,Female,78019,81
978,3dae43df-0cab-4ab2-b0f4-878888736e2c,51,Female,33185,58
979,646f9887-fa10-4c77-8835-a6de2d2eb3c2,68,Male,45630,20
980,f6a1f9b8-c6dd-4768-ad5f-82b41738695e,58,Female,147733,51
981,45d89db2-bb7d-47cc-833e-4b05c2eac93d,76,Male,102849,27
982,ec0c157d-a1df-49b7-a912-09921b285915,39,Male,166452,34
983,b0d00aa4-be98-47b3-881c-529ff4cf51bd,86,Male,119742,94
984,2ffc9bcc-3732-4301-949a-18cdf17e86ff,86,Female,192901,27
985,74778df3-533f-4aad-859a-d6c1526af549,82,Female,48232,25
986,1f63c073-8963-44bd-90e6-2efebd447f2c,74,Male,28100,51
987,90a642c5-7194-47b2-9448-d44e4e11665d,33,Male,64795,45
988,a0718f39-4b8e-4857-ab21-eea79372c456,43,Male,75609,71
989,7357c4b2-24af-4cea-8b99-e3541eaab65d,30,Male,28032,79
990,810b644f-11e4-4be6-920e-2b39c5588e01,36,Female,145469,65
991,a9999eb2-7917-4c41-bf00-107817d1e5bc,63,Female,117469,17
992,864f8277-42b7-4ae7-8459-4513801def0d,22,Male,53048,82
993,c6c6b561-f44e-47ee-9a64-28053ee1555e,44,Female,100108,13
994,e68235ed-41d1-45cb-8698-b4ace7ee6603,60,Female,175868,7
995,2f5f358f-b696-420c-b813-7f4b77c5f2de,41,Male,188180,18
996,66fc9b89-7d4d-4307-a90b-b6836ca02d6f,88,Male,126918,84
997,f8fe4769-8ffa-4898-a6d6-2ee42f6820cb,73,Female,178461,75
998,c8ad0183-0b73-4f5c-9a9e-08be6a33d126,84,Male,37244,35
